disease	exposure	rg	rg.SE	rg.Z	p	gcov	intercept_d	p_bh
hypertension	SBP	0.7205085806318998	0.015260701860022924	47.21333181400724	0.0	0.07596387946083906	0.19544539581845233	0.0
diabetes_type_2	BMI	0.5379090091497978	0.018981974970224972	28.33788422930486	1.1804582626594883e-176	0.08940466076352227	0.04746955149621283	2.51437609946471e-174
COPD	SMK	0.6173736518052847	0.022474970691951018	27.469386290518514	4.07695112609539e-166	0.049303848058108675	0.04470985926306376	5.7892705990554534e-164
OA	BMI	0.43547348593511315	0.01774637904223999	24.538723358641093	5.7067385880215265e-133	0.0392737100953859	0.04493529807057022	6.077676596242926e-131
sleep_apnoea	BMI	0.5476490365797119	0.022578579045627243	24.255248103656648	5.8206668860912875e-130	0.07815482727986012	0.05986596483699483	4.959208186949776e-128
hypertension	BMI	0.3875193169164756	0.017396694285991412	22.275457080861813	6.39223533360632e-110	0.052698165838146356	0.1423989126467765	4.538487086860487e-108
HF	BMI	0.5442697820076708	0.02569446819755623	21.182371934027252	1.3886148537140619e-99	0.05011475872689089	0.026633171878790544	8.450713252602719e-98
carpal_tunnel	BMI	0.34928931432141025	0.020396597672705616	17.12488131237806	9.680669056101558e-66	0.058774410592775876	0.030823970739115723	5.1549562723740795e-64
coronary_heart	SBP	0.33347297595767567	0.01953129952525222	17.0737730751876	2.326654025744456e-65	0.03146148252771882	0.014093092512930136	1.1012829055190425e-63
coronary_heart	BMI	0.2867337609788251	0.017085031889434315	16.782746607347352	3.2638480858164616e-63	0.03489245561777753	0.0140301318395694	1.3903992845578127e-61
gout	BMI	0.4064194990649044	0.026555962432728564	15.304265476894098	7.160582000841166e-53	0.04765096025451592	0.07094589345560541	2.7730981203257605e-51
GORD	BMI	0.28076247901162626	0.018547371179061856	15.137588842163211	9.150761746381423e-52	0.03321528356382141	0.0586746673428297	3.248520419965405e-50
diabetes_type_2	SBP	0.26741144219462964	0.017974735843608862	14.877072159572853	4.643812865083399e-50	0.03445856301098145	0.007102368737755747	1.521741754250406e-48
diabetes_type_2	FG	0.6154192025056582	0.044166234824196834	13.934155921493577	3.9281687392763083e-44	0.064430251279677	0.02317887748035834	1.1952856306655052e-42
COPD	BMI	0.31267547706619225	0.023438943031042627	13.339999020095899	1.3546131707636662e-40	0.04952606769983307	0.003957846455713264	3.847101404968812e-39
depression	SMK	0.31365750844106566	0.024311047381272242	12.901850896094604	4.394146252367706e-38	0.018887605450703608	0.03718864464709434	1.1699414396929017e-36
cholelithiasis	BMI	0.3843593266711105	0.030129806858346146	12.756780303244478	2.8577055056921146e-37	0.050663072870106594	0.07140434680683613	7.161073796616711e-36
asthma	BMI	0.2483482902243319	0.019601869872571797	12.669622430859869	8.713277521865797e-37	0.03860260973613293	0.021490856590075727	2.0621423468415722e-35
coronary_heart	SMK	0.2322319454243909	0.01851134988356518	12.545381448954839	4.213803470032772e-36	0.014248441497718105	0.022412906002013563	9.447790938073478e-35
GORD	SMK	0.28138580758447085	0.02274743620279937	12.370000956408557	3.7981688356105705e-35	0.016783934834769327	0.035109176401952893	8.090099619850516e-34
spondylosis	BMI	0.39591132463676365	0.03207491074874602	12.343333633507989	5.291856078416744e-35	0.04702225212345108	0.024385274944516293	1.0734908044788252e-33
intervert_disc	SMK	0.29771194116954225	0.024749693464975422	12.028914280932403	2.504323101876932e-33	0.019910078731553423	0.01055458380748367	4.849280188179877e-32
HF	SBP	0.3775487187095997	0.031449060909023704	12.005087204409	3.341115392339609e-33	0.0269519539860932	-0.0010179753773905504	6.18832677015945e-32
AF	BMI	0.22045048349164093	0.018582595640768324	11.863277216665846	1.8364371320094033e-32	0.02740006458303839	0.027300549740058595	3.2596759093166904e-31
OA	SMK	0.22639672381243664	0.01926434808468076	11.75210927549996	6.88777971442981e-32	0.0102944476568134	0.001482845107502568	1.1736776633388395e-30
intervert_disc	BMI	0.2460214800952335	0.02128257288596776	11.559762130895502	6.589105624866559e-31	0.03263300369486887	0.01754354665927599	1.0795996139204439e-29
ulcer_peptic	SMK	0.4323730090974662	0.0374447125532068	11.54697097709293	7.6468182620798385e-31	0.022924735040032666	0.012936096278875677	1.2064979924614857e-29
alc_problems	SMK	0.5062081362243317	0.04525787991305765	11.184972367171849	4.8305589704335267e-29	0.03334852653271101	0.0329715831534111	7.3493504335881505e-28
gastritis_duodenitis	SMK	0.3285732918316287	0.029773750830943694	11.035670100729945	2.5712757601635094e-28	0.016386820280035585	0.03659431134463276	3.77711542699881e-27
gastritis_duodenitis	BMI	0.2707629085810582	0.02482294366981331	10.9077679175628	1.0582275338520872e-27	0.026782980361918608	0.022151723301557843	1.5026830980699637e-26
thromboembolic	BMI	0.3229603897550597	0.030462150774081164	10.602021904174007	2.9160653871325496e-26	0.04167083119943488	0.02659165427354827	4.0072382416724717e-25
HF	SMK	0.2858838654274537	0.027119205963192023	10.541749113726787	5.545771738087846e-26	0.013271920337916639	0.0075157989628987665	7.382808626329444e-25
spondylosis	SMK	0.3484560160494184	0.03307657370320879	10.534828037996402	5.969227423324808e-26	0.0208663346374015	0.020960741227264428	7.705729946473842e-25
enthesopathy_shoulder	SMK	0.27457844834906164	0.02631253125131141	10.435273053989313	1.7112106441002023e-25	0.015589564795239815	0.0026878411190675985	2.1440462776079005e-24
enthesopathy_upper	SMK	0.30593749386751734	0.029688683824079805	10.304852033197191	6.699469620089175e-25	0.014821258872040747	0.007644460092722573	8.15421159473711e-24
tendon	SMK	0.2867073391052067	0.0282899233706953	10.134609958053064	3.879185813649709e-24	0.012735146262140448	0.007270284749090443	4.590369879485489e-23
RA	SMK	0.2819012758091804	0.028173752144927976	10.005812302140598	1.4370742387075237e-23	0.02285964219863103	0.0069418413792257565	1.6545773667281217e-22
urine_incont	BMI	0.3066144711438527	0.030732326708837864	9.976936469820812	1.9231287163262515e-23	0.04139347578815419	0.041124453379342604	2.1559285083025876e-22
gout	SBP	0.22996071471124488	0.023323214569481523	9.859734987481056	6.221337719910051e-23	0.020903384313548497	0.01643874585355116	6.7956150479017485e-22
anxiety	SMK	0.27084576714009967	0.027579540666122435	9.820532198811977	9.185730675276332e-23	0.014719351472261567	0.01853178824705413	9.782803169169295e-22
asthma	SMK	0.22559081655264226	0.023064021440894214	9.78107036237198	1.3576705594468613e-22	0.017679484911392103	0.006650352277518501	1.4106528251813728e-21
carpal_tunnel	SMK	0.19356455674898793	0.019990053750470325	9.683043335710577	3.559590117818122e-22	0.01642182879380412	0.00401610600471402	3.610441405215524e-21
CKD	BMI	0.27313273747185474	0.02865970223941168	9.530201506987519	1.5697822577241271e-21	0.027400131061761538	0.07205424651977103	1.5551796320708795e-20
carpal_tunnel	SLEEP	-0.21127263479103137	0.02307425691057626	-9.1562053594971	5.3754308239967834e-20	-0.02031932775562317	-0.012152750911227164	5.2043943886877945e-19
periph_neuro	BMI	0.4247928459347808	0.04696246401180893	9.045369634522682	1.4915965880719368e-19	0.04726614698711201	0.04862884783543839	1.4120447700414336e-18
peripheral_arterial	BMI	0.4376765290503496	0.048494550023450114	9.025272506677677	1.7924868263527104e-19	0.0732949542130108	-0.00731601693127797	1.6599986696222926e-18
IDA	BMI	0.3560982896999124	0.040119071423135214	8.876035188954136	6.928593152692141e-19	0.03687282382612517	0.0102607685646851	6.2799589000996854e-18
enthesopathy_shoulder	BMI	0.23779120583377725	0.02681825000782044	8.86676818078865	7.529944933252763e-19	0.02677753738949022	0.01731425855017613	6.6828261282618275e-18
peripheral_arterial	SMK	0.4631050832977676	0.05319032980605617	8.70656536604214	3.1322135971459834e-18	0.039101468491298384	0.03158643133966881	2.7231081477228346e-17
hypertension	SMK	0.15336627157586435	0.01809258696353204	8.47674640917819	2.3157896057587824e-17	0.010515373504878783	0.03287858906048976	1.9730527441064824e-16
diabetes_type_2	SMK	0.15266330218029006	0.01812976690257679	8.420588251390699	3.745986188817368e-17	0.012793185389224573	0.018450880588716814	3.1290002283062715e-16
diverticuli	BMI	0.15282281089427682	0.018600560957825425	8.21603236809817	2.103467069768076e-16	0.021291670639437113	0.04207983178536571	1.7232249456176932e-15
tendon	BMI	0.2540522548135799	0.0312342086754364	8.133782336332244	4.160993815751885e-16	0.022381824246724864	0.022373870392983906	3.3444969160571754e-15
sleep_apnoea	SMK	0.19836244629967653	0.02440706425268691	8.12725546366517	4.39119296802088e-16	0.01427268348787045	-0.0011904911512241234	3.4641633414386942e-15
enthesopathy_lower	BMI	0.33317242094276756	0.041796214813646954	7.971353923513257	1.569453295417448e-15	0.028710876045868187	0.024539756714806828	1.2156129160869688e-14
peripheral_arterial	SBP	0.4127002919990113	0.051793978876780035	7.968113300985081	1.611151201844658e-15	0.053582309819082435	0.0046185338589258915	1.2256257356889722e-14
AAA	SMK	0.28968972522241176	0.036383193799846884	7.962185145594088	1.6902730069803564e-15	0.030304647140023143	0.013574102918634482	1.2632566683747926e-14
AF	SBP	0.20996513029055114	0.026974396295712525	7.783867634654877	7.03403519836247e-15	0.02023268599216209	0.005359823454819696	5.166377576728297e-14
urine_incont	SMK	0.26560579852079136	0.03494355514730168	7.600995302314032	2.938617793743971e-14	0.01807879577986415	0.004220130976284813	2.121781661245647e-13
diverticuli	SMK	0.14683327441805932	0.01944614620349035	7.550764705847193	4.32709970277307e-14	0.010314275785447297	0.02637844271982045	3.0722407889688796e-13
enthesopathy_upper	SLEEP	-0.29188774229531794	0.039507638927800855	-7.388134300526916	1.4890330700011167e-13	-0.01603018926258707	-0.015713572337653314	1.0398821111811078e-12
ED	BMI	0.3514950959677941	0.04766913447978348	7.373641241941648	1.6602960919905115e-13	0.03591310267169353	0.030090825142242157	1.1407840890128354e-12
ulcer_peptic	BMI	0.29840650417962566	0.041113464470013114	7.25812110524702	3.925040682253035e-13	0.03138060662844516	0.022407930128284702	2.6540751279996715e-12
b12_def	BMI	0.3110488458532795	0.04287329729359212	7.255071699366803	4.0144912338616105e-13	0.05728631570057839	0.0038555737567790853	2.6721457275391343e-12
OA	SLEEP	-0.21636263615653548	0.030434877572607044	-7.109035863225321	1.1685638242804114e-12	-0.011152842794077609	-0.008395354050691715	7.658587525283927e-12
osteoporosis	BMI	-0.17955727244368624	0.02527271362530136	-7.104787998069406	1.2050737781115944e-12	-0.027816002023738108	-0.055282572148661835	7.778203476902109e-12
CKD	SBP	0.24197965714513825	0.034560137638155665	7.001698305679888	2.5287817060030176e-12	0.018820171410279703	0.014708101513559604	1.6078522488914708e-11
psoriasis	SMK	0.2037427233670427	0.02915481317694292	6.988304885732301	2.782272588174888e-12	0.014655039776132868	0.0160743128959963	1.7430119449448562e-11
enthesopathy_upper	BMI	0.21523672446794948	0.03110821388464443	6.918967616273018	4.549468368856034e-12	0.02068121562028353	0.023712687533099918	2.808802210337204e-11
periph_neuro	SMK	0.32862483766152406	0.047723496043332245	6.886017683263134	5.737586186659073e-12	0.018435974189972764	0.020178668930285047	3.491731022166807e-11
valve_nonrheumatic	SBP	0.295164043301544	0.04303607245484346	6.8585264980035365	6.957442788465383e-12	0.024217253260779732	0.019504640847360605	4.1744656730792295e-11
fibromyalgia	BMI	0.282187207812268	0.041283517051452945	6.835348050907805	8.180616770097796e-12	0.053520743467855104	0.029754507067688167	4.840198255641196e-11
cholelithiasis	SMK	0.1598819929620931	0.023418773696146217	6.827086466461871	8.665647088426443e-12	0.010625426135255037	0.007616317247659639	5.0569392598214587e-11
schizo	BMI	-0.11093611769160479	0.016502608161167588	-6.722338469663808	1.788309412844547e-11	-0.028646632412305334	0.007833408604376988	1.0294862295564555e-10
insomnia	SMK	0.3638971203417925	0.05565960779774149	6.537903063638878	6.23873365356365e-11	0.019872637992120003	0.0062203864466214695	3.543600715224154e-10
tendon	SLEEP	-0.2888184080749049	0.04462084163504885	-6.472724347898525	9.625145333982018e-11	-0.014543214226113991	-0.011354496410003358	5.395147252995184e-10
enthesopathy_lower	SMK	0.29327780347407983	0.046088269156758364	6.363393740749184	1.9734393463053457e-10	0.012742343087983367	-0.003877083339439	1.0778014891359966e-09
schizo	SLEEP	0.12862277781919773	0.020207332377613574	6.365153767732884	1.9509418594599306e-10	0.018983732295651135	0.00218668175329055	1.0793522495193902e-09
insomnia	SLEEP	-0.4082303591681722	0.06425255633911627	-6.353527119039246	2.1043306854388643e-10	-0.025272756096115307	-0.05383227440696208	1.1347403442999446e-09
stroke_all	BMI	0.25919850093489516	0.041140520636947085	6.300321360107355	2.9702916509422033e-10	0.02379030045509151	3.0289353135835916e-5	1.5816803041267232e-09
RA	BMI	0.17577877193879254	0.028091883859234185	6.257279605013448	3.917506968118475e-10	0.02827132175898653	0.01757306904473242	2.0603184795289757e-09
AF	SMK	0.11135718497224315	0.01783347425764327	6.244278785134447	4.257600215417769e-10	0.006978329537943301	0.008696504847162513	2.2118752338633773e-09
deaf	SMK	0.14953777219758407	0.024141062960976387	6.194332554424356	5.853252826682372e-10	0.008770856777668758	0.010300058308598852	3.004199643574326e-09
fibromyalgia	SMK	0.35474681533318225	0.0574635380634088	6.173424527771555	6.682645746310504e-10	0.03392313810685014	0.001467358406906232	3.3890560570574697e-09
psoriasis	BMI	0.17688340524311763	0.029011619234350527	6.096984929185993	1.0808770534704081e-09	0.025234766194193518	0.0228884615944159	5.417101467981105e-09
hypothyroid	BMI	0.1518534071686699	0.02493023244140086	6.0911348309970705	1.1211307383623617e-09	0.022974828085830432	0.04475036703217823	5.553508076074024e-09
IDA	SMK	0.2366717993847323	0.03897409404770522	6.072541393650878	1.2590163042857449e-09	0.012355938073010934	0.00507077388234684	6.16483845546813e-09
ED	SMK	0.30683735844651844	0.05091761801555933	6.026153037103101	1.6790820338797016e-09	0.01580645910192406	0.01437532456288462	8.128283482190372e-09
isch_stroke_tia	BMI	0.23639848025980081	0.040366735422668595	5.856269470011375	4.733799092653819e-09	0.023358295205871037	0.01963064574703399	2.265840914011828e-08
TIA	SMK	0.22384207943311885	0.03832832286971812	5.840121943085819	5.216262731464806e-09	0.010304383741523796	1.9137676267760113e-4	2.469031026226675e-08
stroke_all	SBP	0.29086990912893396	0.04989327885711141	5.829841529596638	5.548003735445296e-09	0.02069817580828277	0.017967540284438897	2.597197353076589e-08
schizo	SMK	0.1282394364771025	0.022009847194634044	5.826457373514479	5.661631941166986e-09	0.01669609521185553	0.008958066821910748	2.6215817466708003e-08
isch_stroke_tia	SBP	0.31587928508690716	0.05467704566478588	5.77718275093904	7.596176627880601e-09	0.02419822127943511	0.023682754188707435	3.479538971480792e-08
stroke_all	SMK	0.2055261278094632	0.03569467103749997	5.757893877031178	8.516986844459744e-09	0.009511021889604442	0.009944239191985425	3.859825952914735e-08
valve_nonrheumatic	BMI	0.182297308863906	0.0316897813195293	5.752558120417277	8.790303255026053e-09	0.01929193790501286	0.014085536117128717	3.9417570385695775e-08
gastritis_duodenitis	SLEEP	-0.1730050862121095	0.03132634264068442	-5.522671069409259	3.338844502457115e-08	-0.009781190280661236	-0.015466533988199277	1.4816122479653448e-07
hypertension	FG	0.24318083457267892	0.04478977091711242	5.42938330769111	5.654911330496275e-08	0.02083046327874514	-8.625209808505374e-5	2.4834971410220754e-07
cataract	SMK	0.12811944864265182	0.023613803280135518	5.425616836167551	5.7754735935008735e-08	0.006047499632785733	0.010317990226431555	2.5105630110524205e-07
thromboembolic	SMK	0.15818528144943378	0.029261594898460395	5.40590087445154	6.448345349334259e-08	0.010290623144779057	0.008226332716816312	2.7747425442589837e-07
bursitis	SMK	0.30181043984928596	0.057198228983710755	5.276569663288654	1.3162449019305585e-07	0.014201057638237074	-0.004883487751529702	5.60720328222418e-07
GORD	SLEEP	-0.1339516544800206	0.025476488278353637	-5.257853948176759	1.457461946264574e-07	-0.009057536282053741	-0.008940703595372183	6.147314743650579e-07
AAA	BMI	0.2490857324351354	0.04751358278525553	5.24241107139645	1.584917843721566e-07	0.05168116464129046	-0.002027757876657567	6.55509710121735e-07
enthesopathy_shoulder	SLEEP	-0.2076100014133214	0.03959400990534482	-5.243469956936491	1.5758447808836169e-07	-0.013362453928716331	-0.004033653453146786	6.581469378984518e-07
bursitis	SLEEP	-0.30456923445002954	0.058147774532991026	-5.237848514343873	1.6245932040505066e-07	-0.01624586604882229	-0.004138401618448682	6.654583701206882e-07
depression	BMI	0.09990944440170492	0.019102233907669137	5.230249241246775	1.692816533459671e-07	0.011932599320591382	0.027995699499083575	6.867998507179235e-07
spondylosis	SLEEP	-0.23629642892628427	0.04545792530373149	-5.198134920312509	2.0129800543120126e-07	-0.016040790392025554	-0.026300045183481738	8.089900972989787e-07
isch_stroke_tia	SMK	0.2344781546958725	0.04625863731643852	5.068851317255471	4.0022370612745947e-07	0.011681310012484139	0.013226810479524493	1.593414007572876e-06
cataract	BMI	0.10557976872389652	0.021062112405179963	5.012781562115797	5.364878868687284e-07	0.009884365501090463	0.028295306447578116	2.1161466648710953e-06
pri_skin	BMI	-0.10643927577435354	0.02141300200300842	-4.970777836727393	6.668482623703489e-07	-0.014465520859750013	-0.010534512163745197	2.606214309814391e-06
migraine	SMK	0.12647379842233467	0.025547104122466552	4.950611929087943	7.398049374082383e-07	0.007478310665213974	4.40422331360597e-4	2.8650627575991773e-06
AAA	ApoB	0.22852937695385242	0.046589970253371304	4.905119615038084	9.337042158122528e-07	0.03247733276774723	0.0018999034150239476	3.58340536879297e-06
gout	SMK	0.11284582652436194	0.023159285240030497	4.87259539121309	1.1014164546492714e-06	0.006670760096762998	0.017023527874337092	4.189316157862407e-06
HF	SLEEP	-0.1432987642445927	0.02954112872691993	-4.850822240722606	1.2295070208310572e-06	-0.007541486716878563	0.0019585804984092194	4.5944736041581616e-06
periph_neuro	FG	0.4101619275470815	0.08454556150001764	4.851371500406865	1.2261063757998866e-06	0.02874721605462044	-0.005046345167764696	4.622312531776564e-06
fibromyalgia	SLEEP	-0.2214715955812915	0.04586121966384785	-4.82916933314524	1.3710378239738185e-06	-0.024008551247505117	-0.007539546266854502	5.078800982720406e-06
hypothyroid	SMK	0.10508849601992527	0.021841362405399623	4.811444179596841	1.4984358675511458e-06	0.008016330350281767	0.012041021653624742	5.50287654807576e-06
intervert_disc	SLEEP	-0.13636331656568298	0.028554542195829567	-4.775538533606714	1.7922696625659684e-06	-0.010338194124556053	-0.013364306897634416	6.525699797035065e-06
bursitis	BMI	0.19449278694788458	0.04140606200928188	4.69720561458575	2.6374491559488404e-06	0.01815086102791112	0.018644309299988934	9.521638478255982e-06
urolithiasis	BMI	0.12534912233508524	0.026766336581228845	4.68308847401225	2.8258446815703444e-06	0.02096466324126456	0.03020849708076808	1.0116049028142578e-05
TIA	BMI	0.18664689902721612	0.04005732305922225	4.659495062894501	3.169859987551438e-06	0.01704152167359704	0.002064664269408778	1.1253002955807605e-05
periph_neuro	SLEEP	-0.24823754084058977	0.053576463372294165	-4.633331974819377	3.598268244840934e-06	-0.01578714404819188	-0.014201871268343498	1.2668283242167255e-05
carpal_tunnel	FG	0.20013915351817033	0.04366596591962479	4.583412946516816	4.574473780979372e-06	0.021213019053056732	-0.005934107826258964	1.5973162546698463e-05
gout	FG	0.20150175619348418	0.04459620518262914	4.518361043687457	6.232015184585958e-06	0.014881386513446965	0.029990249199798712	2.158405259051722e-05
AF	ApoB	-0.09753228790675082	0.02190270597370114	-4.4529789161147075	8.468707323581492e-06	-0.008303167946136726	-0.03526173577409983	2.9094107418110607e-05
depression	SLEEP	-0.10560915399285399	0.024091485705524284	-4.383671280540301	1.166958188046843e-05	-0.007209301390030862	-0.014029547793483008	3.9769935048636404e-05
TIA	SBP	0.21928707708734932	0.05146042513765818	4.261276048550897	2.0326297598473816e-05	0.015522671470315353	0.00898264872721758	6.872224426150672e-05
spondylolisthesis	SMK	0.22163855277856695	0.052742684175613466	4.2022615314873475	2.6426157206992552e-05	0.023656596092972028	0.006973431101927232	8.864207063132934e-05
b12_def	SMK	0.22106391708782694	0.0531784923176599	4.157017385286315	3.2242946273756266e-05	0.020527348646861922	0.007898093688631548	0.00010730855556734507
spondylolisthesis	BMI	0.2000938479086509	0.049222346886841566	4.065101738619888	4.8011513808431306e-05	0.042359223027057566	0.024332067501548385	0.00015854965025109872
IDA	SBP	0.20224565292003036	0.05003362888890399	4.0421943682938135	5.295330939859883e-05	0.016236093401458266	-0.011487798724946182	0.00017352392156771615
deaf	SBP	-0.0926395228558462	0.02307345612759867	-4.014982512526072	5.94502025771827e-05	-0.008355271327669759	-0.01411025098802907	0.0001933266129609147
pri_bladder	SMK	0.20067405312053938	0.05140917985225244	3.9034673125941155	9.48243620086876e-05	0.017330949496048426	0.011051727299172557	0.00030602407739167365
HF	FG	0.23481107624782097	0.0604481385797547	3.884504664076851	0.0001025387245132797	0.013618756051126724	0.004718033728540657	0.0003284323055838884
deaf	BMI	0.07353873671493369	0.018949720642101573	3.880729331257205	0.00010414369192586763	0.008554892929120548	0.003608331143112765	0.00032863120563273785
IBS	SLEEP	-0.1100142137600038	0.02834848387732607	-3.8807794531825497	0.00010412222968515001	-0.01585588827681328	-0.014257435348507904	0.00033101544661099926
b12_def	SLEEP	-0.20139868982682807	0.05242919884316099	-3.8413459345297447	0.00012236152630947878	-0.02120030177998041	0.001078736481290463	0.0003832794868223379
psoriasis	SLEEP	-0.11212894673569448	0.029260434032261813	-3.8321012809332884	0.0001270534100757219	-0.009143090990126833	0.00287085566938054	0.0003950711875347265
enthesopathy_lower	SLEEP	-0.22423573221417564	0.05879008038333512	-3.814176316005488	0.00013663789370500236	-0.01104448126806089	-0.006386132192727584	0.00042179523708935513
sinusitis	SMK	0.18529031314375907	0.04912064133673416	3.7721476776646314	0.0001618484118007593	0.009132991697069145	0.0011249250094473708	0.0004960246289721112
alc_problems	SLEEP	-0.1369920160507901	0.03667833221398196	-3.7349576107107745	0.00018774680836765024	-0.010230884697508758	0.003973579122342722	0.0005712867168901357
urine_incont	SLEEP	-0.1276325882928025	0.035399333333760136	-3.6055082475544826	0.0003115425958003361	-0.00984836028116816	-0.01152822952742856	0.0009346277874010084
COPD	SLEEP	-0.12668613193152817	0.03513009306112444	-3.6061997248655513	0.00031071402439461276	-0.011469175709615004	-0.01954723716811319	0.0009387530098730854
fibromatosis	SMK	0.09916314147926494	0.028036072789618227	3.536984021384946	0.0004047241509900023	0.012533494920424845	0.0027599602954398376	0.0011973089466787569
carpal_tunnel	SBP	0.08033908820216873	0.02271279001471387	3.537173907306113	0.00040443326726393304	0.01048083095258125	-0.0019301590343115342	0.001204815187793255
asthma	SBP	0.0811003490591988	0.023032617394929927	3.5211086811632217	0.00042974644290995627	0.009773363461859839	-0.010863795314561817	0.0012625654115837335
IBS	SMK	0.11632165976263231	0.033352407019443454	3.4876541202804425	0.00048727799479078045	0.014788766897354796	0.017512603214697976	0.0014217837382251538
alc_problems	BMI	0.11525671790692295	0.03308449682906489	3.4837077469369087	0.0004945191618721023	0.015059864944892785	0.0023315589374476382	0.0014330963466497658
gout	SLEEP	-0.07048542447271076	0.020255849774013783	-3.479756478206926	0.000501869737557271	-0.004723452413340835	0.013579500228440849	0.0014445710013472799
ED	FG	0.3172874821709946	0.09159334623302551	3.464088770856494	0.0005320309085855904	0.020419919976888763	-0.002276964302352332	0.0015211085037413524
GORD	ApoB	0.08647327201354373	0.025253350556668656	3.424229660911618	0.0006165449298416807	0.0070070572836940254	-0.017832895781795907	0.001750987600750373
GORD	FG	0.14203736202975445	0.04198166254082644	3.383319131099812	0.0007161536160848528	0.01058446556476651	-0.0020109580888213337	0.0020204068904115715
female_genital_prolapse	SMK	0.08058445399438957	0.023973344114186727	3.361418983123929	0.0007754310130538231	0.0061902446090196985	0.002580570578971737	0.0021590432128165272
COPD	FG	0.16389749135104284	0.048750429844310925	3.36197017902129	0.0007738848076139527	0.016352334881589048	-0.007229067994638732	0.0021689140002864723
coronary_heart	ApoB	0.10279973500121066	0.03080518417190802	3.337092043583891	0.0008465990618693133	0.00856839695588148	-0.011857283425590481	0.002341890911404724
coronary_heart	SLEEP	-0.0722890851642747	0.02187631507090538	-3.3044452381478213	0.0009516456551756871	-0.005027922055232356	-0.0018337741079151805	0.002615490639386082
COPD	SBP	0.10625975390492702	0.032248423633266306	3.2950371501357143	0.000984086691219027	0.013048922939316556	-0.011495773317180517	0.00268731365679042
IDA	SLEEP	-0.19514488122689705	0.059369539450440184	-3.2869529228839283	0.0010127776325925988	-0.011549329684063926	0.0017702753744530712	0.002748046315187561
asthma	SLEEP	-0.09252589536913887	0.028191534628808163	-3.2820453582044156	0.001030570261643424	-0.00822019069350053	-0.013176578642564284	0.0027786261484816365
ulcer_peptic	SLEEP	-0.17657011152587496	0.05400515225432741	-3.2695049297213394	0.0010773586000909353	-0.010612882242322295	-0.004912932538951379	0.0028865079474134493
thromboembolic	FG	0.19549934814456701	0.060053607292372024	3.255413903660692	0.001132272205006184	0.015888966776296712	-0.0069410032496875305	0.003014674745828965
enthesopathy_upper	ApoB	0.10404986529560817	0.03287347875303249	3.1651613775743113	0.0015499695881920485	0.00684787919452267	-0.0015629578765609163	0.004101161767514364
sinusitis	SLEEP	-0.17507697275904346	0.05538900598055375	-3.1608614319691957	0.0015730331200534907	-0.00978272354436963	0.0018419301361386484	0.004136494500881402
valve_nonrheumatic	SMK	0.10351759946537757	0.03283005717072267	3.1531349131396866	0.0016152713576633377	0.0055233490557176496	0.004888240469923479	0.004221506738433018
cholelithiasis	FG	0.15719182168884951	0.0502751835871262	3.1266284968693996	0.0017682321316018236	0.013051231437902155	-9.463279746293061e-4	0.004593090780868152
alc_problems	SBP	0.1081037483694507	0.03479951406459778	3.106472928581113	0.001893336435565533	0.010951192588344481	0.01984350620477223	0.004888250433641922
hyperthyroid	SBP	0.12422665446512919	0.04052213951888172	3.065648949933763	0.0021719816301054963	0.01384336542331097	-0.011708596643768778	0.005573880568824949
hypertension	ApoB	-0.0749963840193559	0.024822618847384847	-3.0212921722905577	0.002516983602145326	-0.006985497598732373	-0.0560480266282013	0.006420568949185084
fibromatosis	BMI	-0.0723874742682626	0.024617595573333477	-2.9404770280114154	0.0032770730014131514	-0.018146490114443192	-0.03331754589580516	0.00830972082501192
GORD	SBP	0.06777992711559915	0.023380886176289965	2.898946028159243	0.0037441933970846068	0.006216784717576567	-0.0068498341250594385	0.009438025959515045
osteoporosis	SLEEP	-0.084013022800743	0.029133795765768307	-2.8836964285806115	0.003930374386148391	-0.00743877503426805	-0.0057716327787161355	0.009849055814701262
IDA	FG	0.24252054184261498	0.08416932397504259	2.8813412106591922	0.003959867048592976	0.015818033133730633	-0.004187398504498006	0.009864931945617588
female_genital_prolapse	BMI	0.0600085389729141	0.021117608231186868	2.8416352039475945	0.004488281610013636	0.009142751090456293	0.01146805735528947	0.01111632538294075
sleep_apnoea	FG	0.13855784731930745	0.04976954902552639	2.783988403194939	0.005369495395082027	0.012455238483411546	0.003912958430406022	0.013221994441069036
pri_prost	BMI	-0.07595680971381441	0.027309654719710762	-2.7813171017132094	0.005413882702556522	-0.012153227676252263	0.0026627816468042	0.01325467834074183
tinnitus	SLEEP	-0.14074536544864533	0.050986727588123656	-2.7604314319915124	0.005772507408684788	-0.00931158233460181	-0.0062619710540461546	0.014051932320569827
cataract	SBP	0.07743364470935539	0.02842259229896218	2.7243695400782566	0.006442437709736277	0.005620353424899622	-0.011831361302033938	0.015593627638338943
schizo	SBP	-0.05623747369194851	0.02069516925204588	-2.7174203316258936	0.006579299275482327	-0.011258803769519366	0.006548560190060464	0.0157459634345813
RA	SLEEP	-0.09541438247965589	0.03510420965285633	-2.7180324930600537	0.006567138856278645	-0.008771151966374777	-0.008268397311732954	0.015805656230365554
sleep_apnoea	SBP	0.07686946337316486	0.02836074623346481	2.7104175165342177	0.006719856007459033	0.008504977396138097	0.010309989658855854	0.015903659217653045
pri_breast	BMI	-0.05366844519654421	0.019794930728629243	-2.7112216724721336	0.0067035793734263865	-0.006895001631497686	0.001929302408910774	0.015953769905472853
diverticuli	FG	0.10564674957396537	0.03920269342104686	2.694884977399193	0.007041293319891704	0.00927139610834346	-0.003327419161014866	0.01657232571422025
CKD	SMK	0.06825416282184202	0.0255647697444367	2.6698524377163695	0.007588458806095185	0.003452237983394905	0.02323950520314266	0.017761996985695323
coronary_heart	FG	0.11381750190022778	0.043099645897578726	2.640799002634541	0.008271077280992302	0.008724271921098018	0.00884978342944682	0.01925398317870339
enthesopathy_shoulder	FG	0.147583745458579	0.05593313867781551	2.6385743576573937	0.00832554398690846	0.010468412167712625	-0.004893664455034297	0.019275444230559803
ED	SBP	0.12294688165300635	0.0467290325525278	2.631059855878732	0.008511904313303837	0.009739059291272072	-0.009688941903570206	0.019600385067391538
ED	SLEEP	-0.12383060377973786	0.04730472421431483	-2.617721714616098	0.00885189620380608	-0.007231439409482652	-0.0011530089142173861	0.020273697757104244
glaucoma	SBP	0.06551554596701813	0.025082884935565895	2.6119621461134783	0.009002422138589537	0.009827368601179071	-0.010953537280012764	0.020508191609834987
RA	SBP	0.09108786729062596	0.035070264385244174	2.597296281831032	0.009396083766042944	0.011358109621809586	-0.005136027128340978	0.021291125980501563
pri_prost	SMK	-0.07516521861077853	0.029062653591327953	-2.5863164344087006	0.00970078266943724	-0.00606365583145027	6.538950203333746e-4	0.021865256175556954
hyperthyroid	FG	0.17737109591228264	0.06927305649336032	2.560462969167288	0.010453280311669564	0.01605873563780512	-0.006175066651160629	0.02343735480405913
anxiety	SLEEP	-0.0687454451710808	0.027367431899466384	-2.5119435913320465	0.01200682791817916	-0.004235268577242056	-0.0032286307420383293	0.02677962666567708
hypertension	SLEEP	-0.059705870955969784	0.024061960998785503	-2.481338530927856	0.013088999713926614	-0.004640687091279398	-0.00989818065928531	0.029041218115274676
peripheral_arterial	FG	0.20275625957852847	0.08251888215444486	2.457089265933628	0.01400678775429804	0.02138762355762357	0.005840898398137689	0.03091653670119671
diverticuli	SLEEP	-0.052845691609767834	0.021582179552006756	-2.4485799259720333	0.014342060599151569	-0.004208179402043622	0.0014030789342407124	0.03133188623199266
CKD	FG	0.11791070369737992	0.04814274368438106	2.449189528340772	0.014317808639818238	0.007450742502483257	1.0612354166713943e-4	0.0314401364977452
intervert_disc	SBP	0.059092226271811356	0.02428267192200248	2.4335141726420977	0.014953050023250765	0.0060768736991358855	-0.006949357423390572	0.03249999647910626
raynauds	BMI	-0.11004810261787575	0.045748546455151584	-2.405499434299155	0.01615037696300645	-0.018105601652794536	-0.03907388200290353	0.03492416541238958
pri_colorectal	ApoB	0.10243972591427707	0.04277296452395921	2.3949643671973124	0.016621980548646702	0.009709050332456027	-0.003806663987189631	0.03576244299860351
ulcer_peptic	SBP	0.1279976411310623	0.05368579007892895	2.384199635376138	0.017116314258868174	0.010435682339683637	-0.0024392097740998367	0.03664095414209971
tendon	FG	0.14506339943145236	0.06091460012855914	2.3814225017532533	0.017245919141806138	0.008050034068294373	-0.0022204501867706416	0.03673380777204707
allergic_rhinitis	SLEEP	-0.08279462961894293	0.03496097379073621	-2.368201472719889	0.01787479910490971	-0.004610855874636395	0.002706918912543712	0.03751066216104205
hyperthyroid	SMK	0.08757618608624154	0.03697849141309435	2.368300672623713	0.017870006667564175	0.006346580404663085	0.0015970815966375703	0.03768625168506108
peripheral_arterial	SLEEP	-0.1499923985383262	0.0634487572634163	-2.3639926928058177	0.01807916917446114	-0.014356652036760868	-0.004013245938219102	0.03775355915843356
intervert_disc	FG	0.10123384068211286	0.0427310069243968	2.369095604538973	0.017831643423986052	0.008458184950472342	-1.4264581679560495e-4	0.037792438301582375
pri_prost	ApoB	0.08170938865798345	0.034689194870951685	2.3554708883256876	0.018499246498688657	0.008954714814455238	-0.019185789585189572	0.038442336626543255
peripheral_arterial	ApoB	0.14462098804721857	0.06152077008946894	2.350766868439682	0.01873476779032496	0.016588496446923038	-0.04179070923926895	0.03855560907574122
migraine	SLEEP	-0.06438449093079036	0.02737533441437238	-2.3519161430586113	0.018676984957913378	-0.004315733426509119	-3.2027686764792425e-4	0.038623279573160675
spondylosis	FG	0.14103031170473476	0.06012594645786724	2.345581566912391	0.018997421349619174	0.01055080040954378	-8.670080324861831e-4	0.03890818026412389
essential_tremor	SLEEP	-0.10738330635542322	0.04602700032712457	-2.333050287705589	0.01964550614206827	-0.018987070495794022	0.003998568686491763	0.04004299338048365
asthma	FG	0.10011687596401408	0.04295752946091131	2.3306013455711936	0.019774390475884123	0.009802350372365588	-0.006780980897034774	0.04011376353679351
tendon	ApoB	0.07598798367074885	0.032841288745968734	2.313794207606313	0.02067901326041756	0.004585347219343221	-0.003665241474163066	0.041750045729563416
RA	FG	0.13602494760488085	0.059708334726807026	2.2781567804102605	0.022717238271070334	0.01378052283711259	-0.0023911668225979417	0.045648790110735665
thromboembolic	SLEEP	-0.07921248579537124	0.03496423631577748	-2.265528841527332	0.023480246203003832	-0.005841705370402852	-0.0030538773730089705	0.046960492406007665
gout	ApoB	0.0653172799012719	0.028910035934540976	2.259328907413514	0.023862933034337515	0.005245417861548159	-0.008047479673725598	0.04750284800293356
raynauds	SLEEP	-0.1223399617092828	0.05461084868643971	-2.240213522623038	0.025077064184373655	-0.011504343657146206	-0.005596079638414876	0.04968757833741013
insomnia	BMI	0.09843319499344107	0.044754740454634206	2.19939148330484	0.02785009770038417	0.010661683465540825	-0.00580848778906528	0.05492658157575767
sleep_apnoea	ApoB	0.06444402204103732	0.029379212269526594	2.1935245046675904	0.02826961104682223	0.006299281215120509	-0.020402796080880265	0.0554970244513653
retinal_detach	BMI	-0.06998118638136262	0.0320486671632046	-2.1835911623092	0.028992303550305413	-0.014329675714646519	0.003367497757035707	0.05665468491940416
enthesopathy_lower	SBP	0.11606502164422378	0.05388787755351393	2.153824327724991	0.031253951114988264	0.00775433556851425	-0.014361810130675095	0.06079535696340183
PMR	BMI	0.08230690278144821	0.038380765868882616	2.1444830742207497	0.03199420019180907	0.014404471441269811	0.015129276412711242	0.06195240582595756
osteoporosis	FG	-0.12077939629834765	0.05637648548579392	-2.1423718640421874	0.03216357012281728	-0.011785608342552491	4.464512926315694e-4	0.06199855598334914
BPH	SLEEP	-0.06707645001192555	0.031341254175879275	-2.140196739910576	0.032338870533917166	-0.004400729841531191	0.0017845485698043022	0.062055670484003206
spondylolisthesis	SLEEP	-0.11151309100569959	0.05249225147817186	-2.124372414318534	0.03363901481373038	-0.013492834946293917	-0.015060120723757583	0.06426107762622933
gastritis_duodenitis	ApoB	0.07367341392751388	0.03489238384192187	2.1114468492977565	0.03473392182811209	0.004991549780643027	-0.01791406745265398	0.06605647633382031
COPD	ApoB	0.05768186708361662	0.027611429248885336	2.089057634926494	0.03670253533408335	0.006257980634439451	-0.027051197274581443	0.06949013356586448
urine_incont	FG	0.1269739576050215	0.06216324378908221	2.042588994162529	0.04109314151021191	0.010797453535678844	-0.004349782496195158	0.07745875346615164
depression	FG	0.08103568560930628	0.040021788066447	2.0247892341732734	0.04288901101968285	0.006096383308649866	-0.006316629737930163	0.08048774755235635
diabetes_type_2	ApoB	0.05329407179435814	0.026996177376809823	1.9741340061033477	0.04836650751338329	0.006067155468978184	-0.059791554969823	0.09036900088026878
glaucoma	BMI	-0.044240206303096795	0.02245640272312286	-1.97004866935093	0.04883279295141325	-0.008559417097303946	0.0057548326685990725	0.09084178950786918
migraine	ApoB	0.05397208535046091	0.0278336419966412	1.9390953349537925	0.05248973064995289	0.004335451368270832	-0.0012022221304620604	0.09722010981252144
gastritis_duodenitis	FG	0.10500908182146895	0.05421806727756907	1.9367913150403462	0.052770857996204665	0.006542805856315721	0.005748954598045905	0.097317686174819
valve_nonrheumatic	SLEEP	-0.08196036260181948	0.04243709580312561	-1.9313376905443862	0.05344130523139613	-0.0049574982918887634	-6.883352569018612e-4	0.09770813746169421
tinnitus	FG	-0.15799098581751816	0.08173243019647576	-1.9330268956609418	0.05323288463887612	-0.01151929843534981	0.0033772022474880046	0.09774658989724666
ulcer_peptic	FG	0.14872851207552298	0.07711543450779784	1.928647786591719	0.05377460231993675	0.009851780418114941	0.004844049459491369	0.09789735294142331
osteoporosis	SBP	-0.06327864448292453	0.03285701106447744	-1.9258795134697049	0.054119420032775964	-0.007600019591633365	-0.028250921910470468	0.09810584227218111
b12_def	SBP	0.10292099133463328	0.05350246247207613	1.9236683057036776	0.05439617320738892	0.014695761438051382	-0.008784364716800821	0.09818970248452406
urolithiasis	ApoB	0.05772873676961756	0.030455036632354972	1.89553988939509	0.05802091229170947	0.006613228475003612	-2.3453654363235396e-4	0.10429075373952841
OA	FG	0.08245075031069032	0.04439027289465075	1.8574057993823698	0.06325344201698205	0.004683842303233366	0.002450865854727217	0.11321834579510233
periph_neuro	ApoB	0.08433677685149585	0.045748102614314196	1.8435032718735658	0.06525556445001417	0.006427541450292944	-0.023520706845451485	0.11631326550504617
retinal_detach	SMK	-0.07135222683118246	0.03920922826742922	-1.819781464315485	0.06879229155558779	-0.007366399918697927	-0.0017891963899848598	0.12210631751116832
ulc_colitis	BMI	-0.037804413421558464	0.020814738061064906	-1.816232964866066	0.06933464334206069	-0.007546396195105661	0.0060744252475748465	0.1225583322145969
spondylosis	SBP	0.07173882490659099	0.03978111628976773	1.8033386590773783	0.07133504475988657	0.006605802646589268	-0.011101783544123505	0.12557326061037885
tinnitus	BMI	-0.08992667386393396	0.050197741361692264	-1.7914486075375555	0.07322133468204826	-0.010409139067590997	-6.00919630426912e-4	0.12836332746729448
fibromyalgia	SBP	0.08532242648765369	0.04822943627620114	1.7690944177540826	0.0768781193341257	0.012546247425679887	-0.005049706316603843	0.13422163457515388
carpal_tunnel	ApoB	0.04057116790518263	0.023091664406035262	1.756961611419353	0.07892435273832768	0.004676009364810326	-0.0041645553819320506	0.13723173170011263
cholelithiasis	SBP	0.052655472150096756	0.03020240316883077	1.7434199476033023	0.08126028640930937	0.005381005671502233	0.00555256411806642	0.14071903256246257
raynauds	SMK	0.08822025221660836	0.05084563656381796	1.7350604334726019	0.08273010153835009	0.007317983008454026	0.0049018647772958055	0.14268430467747828
enthesopathy_upper	FG	0.10397471744115826	0.06049769546344325	1.7186558371299734	0.08567705797688116	0.006292958643260893	-0.002343204062476386	0.14717107539577168
AF	SLEEP	-0.037944483212098465	0.02215565479796462	-1.712631992063007	0.0867802638108867	-0.002695580322234074	-0.008012779768760416	0.14787356953375094
hyperthyroid	BMI	0.06353035244514045	0.0370879613959014	1.7129642626343224	0.08671911444119074	0.00913150420694962	0.015788629409703343	0.14836282229697692
raynauds	FG	-0.17119960066549358	0.10284518953660689	-1.664634013869521	0.09598579502189702	-0.017741918901840632	-0.001965814764722663	0.16290816206903638
PMR	SLEEP	-0.0925813702106826	0.05616866527869708	-1.6482743492535092	0.09929638593313032	-0.009260784447744646	0.002443328741976003	0.16785817622029175
female_genital_prolapse	FG	0.07873049934612243	0.04798244824997226	1.6408187205447138	0.10083505103104823	0.0075556927583570535	-0.008067073719702623	0.16978550094555947
scoliosis	SLEEP	-0.07475344566836897	0.04590743922058663	-1.6283514597531006	0.10345038378626524	-0.007174758662863357	-0.0019747064320670177	0.17350339957853933
cataract	SLEEP	-0.04259477569292065	0.026390112622902927	-1.6140429675906098	0.10651810666464377	-0.0022792267310401786	-0.0060428334971635075	0.1772527868716338
sinusitis	BMI	0.06460976909180788	0.04001009769866978	1.6148365739670754	0.10634609051020234	0.006316344905513535	0.011910455120461886	0.17766052767586746
enthesopathy_shoulder	ApoB	0.053653979950306956	0.033663838429339614	1.5938164645997408	0.1109771487324815	0.004138392395975751	-0.0010766893490147733	0.18395433992232343
gastritis_duodenitis	SBP	0.05320025776073872	0.033597319491022515	1.583467329140775	0.11331498749054028	0.004079897980051027	-0.0035901178110225728	0.18710149097275255
spondylosis	ApoB	0.05892035660983035	0.03755875711897545	1.5687515010996618	0.11670585315270435	0.004793202173267174	-0.020866810365791258	0.1919563453399693
essential_tremor	BMI	0.05589822151484706	0.036077299592142384	1.5494014836692949	0.1212852373438952	0.01729243202321294	0.011183822339817363	0.19872119657115137
ulc_colitis	ApoB	-0.04131830652161825	0.026838112573473443	-1.5395384607804687	0.12367289593747524	-0.005649298090690967	0.0011030732830096563	0.2010864643868872
b12_def	FG	0.15098403653866327	0.09803177434128695	1.5401540730358383	0.12352280179467037	0.01751542865451034	-0.005856589343483447	0.20161192936601371
osteoporosis	SMK	0.043801856715392565	0.028555391569758778	1.5339259701057772	0.12504786616054456	0.00342118791721185	0.008801209084856553	0.20178178403178781
bursitis	FG	0.130258982931005	0.0850441730500045	1.53166264377002	0.12560570526741682	0.007657179984263531	-0.0017819068897615817	0.20191709601479083
BPH	ApoB	-0.04595543458357161	0.029940120113396324	-1.5349114969986188	0.1248055690525828	-0.0036131275339867583	-0.006470871359243616	0.20215654911178813
sleep_apnoea	SLEEP	-0.05021537667920483	0.03299177778353926	-1.5220573140577778	0.12799472037077647	-0.004095937382921235	-0.007830586858117501	0.2049840258569578
pri_prost	SLEEP	0.046355910755962675	0.03072689239986672	1.5086429878006065	0.13139004231655435	0.004239290138035451	0.0026897725763501868	0.20885133592109015
ulcer_peptic	ApoB	0.07456035217600718	0.049371740628859226	1.5101827731069395	0.13099679314863955	0.005370514334820715	-0.011292143105722317	0.20900611940569455
glaucoma	SMK	-0.03517356070521405	0.023415962352069986	-1.5021189467408196	0.1330663925380513	-0.00343112137469582	0.0060114107222532746	0.2107296774022671
periph_neuro	SBP	0.06784768260448563	0.04553625203054014	1.4899707283546684	0.13623193269579784	0.005852937148689295	-0.007409750395153061	0.2149437160311477
pri_bladder	SBP	-0.09386212957481088	0.06349224015024517	-1.4783244275631129	0.1393209623959718	-0.012465068594296068	0.010147844604788342	0.21820121316427937
raynauds	ApoB	-0.08795538957556243	0.059465433380157966	-1.4791011277639288	0.1391132888467803	-0.009911690629691751	-0.011885583446619347	0.21867993006910852
tinnitus	ApoB	-0.06994130670089668	0.04780469967044009	-1.4630634055451395	0.14345003004904608	-0.005545170471400733	0.004299266835686974	0.22221713745779503
intervert_disc	ApoB	0.03911012467356889	0.026704390325623505	1.464557857216526	0.1430415869488558	0.003553269132362789	-0.011210322947120896	0.22239312423435245
cataract	FG	0.0677987525400369	0.04625615816302016	1.465723813488668	0.1427235439015984	0.003998132967552741	0.0019231201575167862	0.2227114641101865
female_genital_prolapse	SBP	-0.03854246911225688	0.026456692197623567	-1.4568136040725037	0.1451678396109331	-0.004552701862069592	-0.014717624401584755	0.224063404616875
pri_skin	SMK	-0.036097215151267785	0.025043833315431377	-1.4413614200596676	0.1494826036273551	-0.0024734239557557746	8.825637195975199e-4	0.22989021352076994
TIA	FG	0.10069875296021223	0.07029299498580183	1.432557440190903	0.15198435181239817	0.005791340836728221	0.002555681495037982	0.23206212857376923
valve_nonrheumatic	FG	0.10583291992128734	0.0738572977453008	1.432937883623301	0.15187558968042641	0.007054785551684611	-0.004390798530392692	0.23273022015777575
AF	FG	0.06121671201772125	0.04336832566326833	1.411553503195766	0.15808147134100065	0.004792674903823838	0.00707060867168336	0.2405096671116653
glaucoma	FG	0.06698922663601337	0.04839689229149907	1.3841638060669454	0.16630830313475042	0.008163933357729957	-6.019390156171716e-4	0.2521257549302622
pri_skin	SBP	-0.03269742133856698	0.02377747106516184	-1.375142934627494	0.1690871358162504	-0.0034451767164546793	0.0018105074554799047	0.25542950304156975
female_genital_prolapse	SLEEP	-0.03349998697742383	0.024574138866729132	-1.3632211960346405	0.172812809048961	-0.0029172361435105053	-0.01146884653298085	0.2601351825259978
HF	ApoB	-0.045712256209826	0.03436105631647501	-1.3303507257985099	0.18340274131394993	-0.0028829622636034717	-0.010810330310358421	0.27318030699210727
pri_breast	SLEEP	0.02801216132527579	0.020994675010099936	1.3342507712931941	0.18212168534365045	0.00205695638249624	-0.004572787530781318	0.27318252801547566
BPH	SMK	-0.03527800918478233	0.02650103373482451	-1.3311937012639683	0.18312528342177525	-0.0020416829545776916	0.002462287628572014	0.27372410785149565
enthesopathy_shoulder	SBP	0.042368122988741826	0.03208198758931364	1.3206202661475517	0.18662801196348117	0.0036989622926989684	-0.026747213859139873	0.27701579476112537
PMR	SMK	0.059388184594774046	0.045067271776879615	1.3177674674605295	0.18758150150469538	0.005240271843134821	0.009838056218099854	0.2774643043090286
allergic_rhinitis	SMK	-0.03956231973573889	0.03041402017117979	-1.3007921844290744	0.19332959789755347	-0.0019435276502771425	0.006489655418803475	0.2849771927486428
allergic_rhinitis	BMI	0.03731348514857316	0.028741825216270705	1.2982294919617718	0.19420848667475132	0.0036356501903344533	-0.011736267990261699	0.2852855700808416
insomnia	SBP	-0.06850406211394058	0.05344526681780785	-1.2817610649689035	0.19992647627195143	-0.005752628947641837	-0.007285364497628448	0.2926758724805887
sinusitis	ApoB	-0.07002682920570069	0.05489310179732769	-1.2756945210392492	0.20206352613839285	-0.004689072951650311	0.019727303705743212	0.29479130868135395
sinusitis	SBP	0.057455403645646747	0.0452197556233919	1.2705819138908707	0.2038774245404648	0.00435476137953596	-0.01976178965139628	0.29642246707931064
migraine	FG	-0.061110809485915796	0.04852434800827053	-1.2593844532542717	0.20789150212714966	-0.004514355101679422	0.008938584417267588	0.29919520238569514
anxiety	BMI	-0.027787035903988528	0.02205762036680583	-1.2597476718660372	0.20776040215125957	-0.002995133229372323	0.02032503974903286	0.3000201061574121
PMR	SBP	0.06044218610470193	0.047976324034183185	1.259833622551757	0.20772938792161189	0.008201004798024925	0.010879882008558743	0.30099564372315196
ulc_colitis	SBP	0.029172466532729553	0.023700554333654453	1.2308769711476775	0.21836888182907782	0.004514774710414743	-1.3737621733108386e-4	0.31321597191645506
hyperthyroid	SLEEP	0.05266094974013758	0.0430264128899483	1.2239214520353396	0.22098186022185531	0.004326262334001805	-0.011866649743086316	0.3159002431359408
osteoporosis	ApoB	-0.04114868674316458	0.03390200288633332	-1.2137538564057102	0.22484173170889302	-0.004366189375338019	-0.020775908580148317	0.32034306925748635
urolithiasis	SMK	0.0315893473814716	0.026134957004832107	1.20870095082349	0.2267777562660379	0.002663789769343956	0.008453989247084697	0.3209545653466184
pri_colorectal	SMK	-0.043868846128783966	0.03626952641870614	-1.2095235438794825	0.22646177148180793	-0.003060570418116888	0.009558298538678832	0.3215757155041673
IBS	ApoB	-0.03925862312853946	0.033112221494329096	-1.185623354665679	0.23577107495126423	-0.0067806076779072825	0.008524267810370122	0.3325777414875449
enthesopathy_lower	FG	0.0954093630251491	0.08122588906563918	1.1746176511290403	0.24014771829294826	0.005178879861766718	-0.003325772527899179	0.33763342571879856
pri_skin	FG	-0.04960966507396311	0.042363718090825134	-1.171041337013978	0.24158216187975684	-0.004246840012407794	-0.0068911178741981206	0.33853289789729085
anxiety	FG	0.057829519699598285	0.049694267979284626	1.163706037962062	0.2445431616716141	0.003926367524565126	-0.00141597707128254	0.3404424407585216
migraine	BMI	0.02760260397078931	0.023691758706091214	1.1650719692537055	0.2439898621202449	0.003237131153638819	0.02256599631875885	0.3407858402072929
tendon	SBP	0.04384905523524137	0.037915435618196915	1.1564961478168199	0.24747827433375785	0.00299501155790173	-0.022242119204675597	0.343406335068993
scoliosis	FG	-0.08916456495735164	0.07870038114195445	-1.132962301624977	0.25723008482760357	-0.009431325043342643	0.003564799370964069	0.3557792731706465
pri_colorectal	SBP	-0.04670072873100242	0.041905653728260994	-1.1144254909811286	0.2650966926370853	-0.00501006035109018	0.01107355892504362	0.36547311023753504
IBS	SBP	-0.03344812193812807	0.03030765966946983	-1.1036194250201958	0.26975826122983765	-0.006539073908982581	-0.00783687674173857	0.37070006220616397
scoliosis	BMI	-0.04660945909992834	0.04259069348572454	-1.0943578346652374	0.27379806922216	-0.00782685053326564	0.006085988720147659	0.3750417282592931
pri_bladder	ApoB	-0.062364407209005164	0.057203043575329585	-1.0902288289412203	0.2756123571353035	-0.007316950427846163	0.0019932713459713007	0.37631687224243365
isch_stroke_tia	FG	0.09726994256977188	0.09030496322782329	1.0771273149669216	0.2814233916150428	0.006054002033306244	0.0027881087237899872	0.38302352980194326
psoriasis	SBP	0.04263102832253592	0.040186753566090985	1.0608228965901685	0.28877039462779425	0.004715240385943091	0.0011561400545923675	0.3917712997179629
anxiety	ApoB	-0.028234822488579954	0.026678956987739085	-1.0583180782350639	0.28991045371221935	-0.0020845574296261254	0.004520816399907971	0.3920693754965252
retinal_detach	FG	-0.07644671154407333	0.07251337687387881	-1.0542428837238638	0.291771731023534	-0.009860099792786507	-0.0013523071577259639	0.39333783992413124
b12_def	ApoB	0.05275249229846725	0.05115246017987124	1.0312796708695866	0.30240968872190926	0.006654572487249292	-0.034310824206237156	0.40511486602368973
diabetes_type_2	SLEEP	-0.021532506006788195	0.02087544562416277	-1.0314752745620384	0.30231799723516506	-0.0020455449285085685	-0.00679822292941815	0.4062696114264363
scoliosis	SMK	0.045964855843396255	0.04516648834518766	1.017676102957286	0.3088319075115722	0.0038916303298692063	0.009959251719961705	0.4124212934167077
pri_breast	ApoB	0.020774053662337585	0.021374262060967087	0.9719191054681798	0.33109079421980775	0.0018280643875263332	-0.003947392434399898	0.44076461980511905
TIA	SLEEP	-0.04720017016982943	0.04930393239956895	-0.9573307416396281	0.3384003435619586	-0.0024631692882191632	-2.2062790536364754e-4	0.44909204472708525
IDA	ApoB	0.042093906529964274	0.044113043130872005	0.9542281271569165	0.3399681799727322	0.0029854556400817243	-0.034189935228644594	0.44977156729311774
stroke_all	FG	0.07299904973970744	0.07679927280052477	0.9505174603581485	0.3418493862641726	0.00422038517343262	0.006943425069707026	0.4508601812648221
enthesopathy_lower	ApoB	-0.045004741404641835	0.04905359811464377	-0.9174605560933715	0.35890135299758347	-0.0026563821288195146	-0.002963720162122501	0.4718888159783042
spondylolisthesis	ApoB	0.04638329671718186	0.052161206489855144	0.8892297521186165	0.3738796161273471	0.0067255954739438165	-0.005386908808798405	0.490069896831538
glaucoma	SLEEP	0.024327776147365258	0.027641278191267986	0.8801248617746816	0.3787916721571791	0.002690249514008088	-0.00660291857017148	0.4949854366225715
spondylolisthesis	FG	0.08302649847557432	0.09461207786736404	0.8775465072437003	0.3801898696764882	0.011071294734295196	-3.194080140567841e-4	0.495293224716159
retinal_detach	ApoB	-0.0383734975173652	0.043920590372372614	-0.8737017693073473	0.3822806871633645	-0.005381970655354728	-0.0033921726913043087	0.4964986973524185
OA	ApoB	0.020244360705326522	0.02341345049022043	0.864646614721841	0.3872327790312944	0.0012505445229893243	-0.02228115338849403	0.49988231474948913
isch_stroke_tia	SLEEP	-0.04473987269469717	0.05170758042929914	-0.865247848057229	0.3869027683929187	-0.002526703667937652	0.00842149359496644	0.5009744052747215
insomnia	FG	0.08400139417860802	0.1050741668318615	0.799448586758971	0.42403034714306875	0.005731101992289214	-6.53417537855831e-5	0.5457308999484812
diverticuli	ApoB	0.016786805881557156	0.02125214217603457	0.7898877083782714	0.4295933503919069	0.0016019335752672616	0.011830200161959823	0.5512252026113021
depression	SBP	-0.017257340448080645	0.022035269590232127	-0.7831690180786597	0.4335278658451487	-0.0015979685060645117	-0.03475528013345745	0.5546032157658659
BPH	SBP	-0.02576880194799269	0.032997442175242205	-0.7809333163201018	0.4348417157910524	-0.002293251027481845	-0.016907239098053233	0.5546184758293063
isch_stroke_tia	ApoB	-0.03952200034795928	0.05195284052426169	-0.7607283826858846	0.44681931842890193	-0.0026747935038947583	-0.02492499919908773	0.5681941183603351
allergic_rhinitis	FG	-0.048944571168064735	0.06489370008105122	-0.7542268526364458	0.4507130161124524	-0.0030039191783576653	0.0030629898581065276	0.5697440500412603
essential_tremor	FG	-0.06846137973313994	0.09074890328904908	-0.7544044859151633	0.45060637876779464	-0.013340471354722862	0.0065699646297772245	0.5713045159377396
diverticuli	SBP	-0.016139088029395822	0.021587230286278895	-0.747621988340673	0.454688197996617	-0.0017432769233601704	0.00319844294853193	0.5730685572383398
CKD	SLEEP	-0.0240846314775879	0.03263489523530325	-0.7380024144074473	0.46051298195387164	-0.0013809628401741125	0.005935765136975292	0.5786977295349538
fibromyalgia	FG	0.06594959528199698	0.09244686478969988	0.7133783869471457	0.47561164351157653	0.00787887826904322	0.0020868024321407546	0.5924285384091567
deaf	FG	-0.03404751461758667	0.04772684632334744	-0.7133828702386105	0.4756088700112858	-0.002494889233126556	0.0020155819679104547	0.5941624006592603
deaf	SLEEP	-0.016777041217582854	0.023503317532099284	-0.713815877042459	0.4753410406538721	-0.001115518787568877	-0.00846691636220826	0.5955743627016162
stroke_all	SLEEP	0.03428516752889172	0.04957763235867716	0.6915450758287588	0.4892230639793881	0.0017986092458454376	-0.0034013118925412993	0.6040841311745487
tinnitus	SMK	0.02735681103802506	0.039553962975729454	0.6916326198416922	0.4891680711527582	0.001596557082866939	0.007391476416501043	0.6057720881135901
psoriasis	FG	0.04457617903098835	0.06432356201087054	0.6929992313462845	0.4883100338824464	0.0040057373909561725	0.0017457215587783914	0.6064725202155166
glaucoma	ApoB	-0.015878255069080853	0.023539032440389927	-0.674550031284881	0.4999616889432801	-0.002104188778220449	-0.012564424572899392	0.6137858198554389
urolithiasis	SLEEP	-0.02138091352466742	0.031597770918981624	-0.6766589193740667	0.4986223868133692	-0.0020438826376564627	-0.002762164304589386	0.6139107999494082
pri_colorectal	BMI	0.02266587371370294	0.033821716762812044	0.6701573983560978	0.5027574580782375	0.003136360169289196	0.009363631391611381	0.6154444745440494
urine_incont	SBP	0.023982475082801293	0.03604541059568393	0.6653405991627946	0.5058326686843283	0.002510146586298593	-0.019730425538678337	0.6174347187951973
TIA	ApoB	0.03573453861234789	0.05415006903330219	0.6599167692726526	0.5093072422651788	0.0022347587735693213	-0.01270749584711334	0.619899672014189
pri_bladder	BMI	0.037445931500535976	0.05703738077472356	0.6565156217189123	0.5114924195984838	0.006414208500847755	0.02461664587405037	0.6207856716494419
thromboembolic	SBP	-0.023111878844587153	0.03535263136338833	-0.6537527180656242	0.5132711329212271	-0.0023119795579926903	-0.013056488864575732	0.6211747233648941
deaf	ApoB	0.014777611192609558	0.0227319622307	0.650080756013754	0.515640059060202	0.0011774908167033324	-0.004701950596562833	0.6222738389791673
cholelithiasis	SLEEP	-0.019422608610765387	0.030168506109090238	-0.6438041227673867	0.5197024599962726	-0.0014632710033892161	-0.005263493314268897	0.6254046552497518
pri_breast	FG	0.02537405839785077	0.04034728328644777	0.6288913733721856	0.5294201741001658	0.002053396110539093	-0.007372475536827009	0.635304208920199
pri_bladder	FG	-0.06262909447079633	0.10537452400774233	-0.5943475907534794	0.5522796541321228	-0.00675743703123385	0.004404013020994583	0.660873968146866
female_genital_prolapse	ApoB	0.01598109827069724	0.02783447813789003	0.5741475802609991	0.5658679381527962	0.0016677284782380412	-0.0017031714072738553	0.6752373715772862
anxiety	SBP	0.015966159719062057	0.028570775116103297	0.5588283710952973	0.5762788579487674	0.0013342592658260482	-0.00414280831771903	0.6857396466094272
enthesopathy_upper	SBP	0.018813123023520416	0.034778852954347815	0.5409356958441186	0.5885519059808001	0.0014014784320526457	-0.02920599828053126	0.6983930694925372
psoriasis	ApoB	0.018617638975917894	0.0348976861554848	0.5334920743159871	0.5936929959886488	0.0018192470478464483	-0.00449568257992233	0.7025367119199011
thromboembolic	ApoB	-0.01973374394345605	0.03732519716630049	-0.5286976477453923	0.5970152092180263	-0.0017440031743104652	-4.7803024320640245e-4	0.7025648594665171
urine_incont	ApoB	-0.019949784139349443	0.03816066491637665	-0.5227839761981713	0.6011245917183657	-0.0018447279489157175	-0.011536075119983738	0.7035139452528126
fibromatosis	ApoB	0.017560804901472465	0.03319420512103069	0.5290322463647895	0.5967830806849117	0.003015285994161215	-0.004566588418314227	0.704237097982749
pri_bladder	SLEEP	-0.03047320259163786	0.0581954945697347	-0.5236350823537091	0.6005323757483456	-0.002983456003204174	0.0016768185308529695	0.7047570029443395
migraine	SBP	-0.013439564038857007	0.02604205232931338	-0.5160716163575635	0.6058043910821829	-0.0012219720059047162	-0.005550082437075248	0.7070484126055067
allergic_rhinitis	ApoB	0.016837115356587468	0.03471302643486513	0.4850373789269084	0.6276498309495628	0.0011236701455559423	6.895058179698416e-4	0.7285526648079393
IBS	BMI	0.01252592841452229	0.02570286658745661	0.4873358530614299	0.626020343936327	0.0031585561285545423	0.019845897247283594	0.7286466298275283
AAA	SLEEP	-0.024674667239249996	0.05193238271987401	-0.47513065927181586	0.6346938468490648	-0.0029261585141014215	-0.00603480113734676	0.7347271161894066
tinnitus	SBP	-0.030846739881998323	0.06958835399196968	-0.4432744577570833	0.657567228433036	-0.0027682250002019396	-0.010457367261966036	0.7591426539633425
scoliosis	ApoB	0.021685123651552972	0.050606526888743245	0.4285044832107722	0.6682838702444232	0.002494191298682715	-0.013679540332837437	0.7652928191508717
bursitis	ApoB	0.021572792832269955	0.05021630096846934	0.4295974099290078	0.6674885215014648	0.0013789705287468766	-0.011499223592763973	0.7664423454437304
raynauds	SBP	0.021864575000707608	0.050621866674580906	0.4319195722524909	0.6657998691036116	0.0027889278350187218	-0.012852382097299138	0.766569579021996
AAA	FG	0.03452988087609217	0.08136601028581315	0.4243772154343021	0.6712907346209138	0.004512798689014044	-0.0036898495143074545	0.7666752089772367
insomnia	ApoB	-0.02326976086178567	0.05836004400421124	-0.3987276099398851	0.6900939215870394	-0.0017263585597728343	9.340734992245963e-4	0.7860428090804246
cataract	ApoB	-0.010727521073441885	0.027131824646583716	-0.39538516901009946	0.6925586527118949	-6.878953057965204e-4	-0.023952976289420932	0.7867466294807126
hypothyroid	ApoB	-0.011103441941652152	0.028612813902607056	-0.3880583706113736	0.6979728380369226	-0.0011506420342910055	0.004927969276427902	0.7907883750099175
BPH	FG	0.021108155379908546	0.05527352695588301	0.38188544394419016	0.7025463375698469	0.0015261922967611244	-0.0024758214585591334	0.7938587262725589
hypothyroid	FG	0.016319831793982477	0.043046536595388346	0.3791206699711784	0.7045982576365042	0.0015552880973243174	-7.900956974137162e-4	0.7940710522570127
fibromatosis	FG	-0.022125459994183427	0.06009708330917357	-0.36816196021290215	0.7127524726871641	-0.0034937269657644722	-0.0018228049602177407	0.7969358356029709
urolithiasis	SBP	-0.012523700550468253	0.03356488395566997	-0.3731191374595138	0.7090597758875512	-0.0016239217658009079	0.012144763388828313	0.7969906715780919
retinal_detach	SLEEP	-0.014626679132957583	0.03957618992852512	-0.36958280115830927	0.7116933678379587	-0.0017118428771789112	0.00458664604314	0.7978457228920274
alc_problems	FG	0.026325013818049595	0.07232888084274175	0.36396268698372	0.7158858726600781	0.002166660556479066	-4.3672923191859263e-4	0.7983439312910818
alc_problems	ApoB	0.01361616164035105	0.037943111518112214	0.35885727594721245	0.7197018624601352	0.001218609071747792	-0.01588505426254811	0.8005038992376439
OA	SBP	0.008275766994679797	0.024198884290825187	0.34198960973657316	0.7323587115785934	5.786477935889801e-4	0.02456952504040859	0.8124604456575021
allergic_rhinitis	SBP	-0.010935466159966814	0.03252172938581505	-0.33625106556407536	0.7366815476333148	-8.260748709498979e-4	-0.00816502538207692	0.8130216043828812
essential_tremor	ApoB	0.0170575670168779	0.051150544766146305	0.33347771944292864	0.7387737051941976	0.003614348725628301	-0.0026776218770176515	0.8132237685083415
pri_prost	SBP	-0.011214039102122916	0.03321307532491051	-0.3376392879135811	0.7356350315896887	-0.0013910822828437084	0.007909163021313208	0.8139753856031361
stroke_all	ApoB	-0.01686986962899315	0.051122605580645644	-0.3299884549581695	0.7414086855845388	-0.0010605570795614262	-0.020069405149778403	0.8140208764407565
hypothyroid	SLEEP	-0.00894624240491296	0.028146374643349775	-0.3178470591070141	0.750600952256732	-7.736267808204286e-4	0.0014107956741487861	0.8219948731654699
essential_tremor	SBP	0.01753524312057152	0.056066054821556764	0.31276042475935756	0.7544626844405999	0.004205675041683129	-0.006591024818524846	0.8241053937735784
ulc_colitis	SMK	0.007301475860769994	0.024103802742131593	0.3029180058799426	0.7619523489458855	7.348529670844595e-4	0.013629081625830567	0.8301578021763355
urolithiasis	FG	0.016485791168534065	0.05746852386688433	0.28686644547753626	0.7742145837642782	0.001736776074858783	0.005433122093899087	0.8392249686605153
PMR	ApoB	0.015701905998704985	0.05432183887690798	0.2890532854435421	0.772540601149706	0.0018822110558934482	0.0025663809172089625	0.839546673698405
valve_nonrheumatic	ApoB	-0.013414144054412717	0.047429208666597715	-0.2828245385392589	0.7773113429470868	-9.723294577967099e-4	-0.014971536985023617	0.8404432286686776
PMR	FG	0.02784896929390458	0.1023372563051751	0.27212933294652225	0.7855225758975095	0.0030699947601023916	0.001812809214341558	0.8471711831198457
pri_breast	SBP	0.005119284231391034	0.02026089645377029	0.252668199705369	0.800524623618196	5.099063699119149e-4	-0.0032733057893689953	0.8611704284377564
fibromatosis	SBP	-0.008399611271188372	0.03409849634054929	-0.24633377341040438	0.8054238678602734	-0.001632503929657492	-0.001958831556469855	0.8642583569483034
pri_colorectal	SLEEP	0.009207082507808871	0.03881728450134448	0.23719027814761162	0.8125091780627139	7.281797616734019e-4	0.005894642055350272	0.8696706277756687
ulc_colitis	SLEEP	-0.006324724677130161	0.027434859388470345	-0.2305360704632648	0.8176752380174119	-7.216088115521347e-4	-0.004870115800428424	0.873006645101297
pri_colorectal	FG	-0.015192530808186298	0.06917765622988285	-0.2196161540613679	0.826170109421466	-0.001324192217995572	0.0048193584899619965	0.8776769740986147
ED	ApoB	-0.01107677709367402	0.05041674276675274	-0.21970433799976835	0.826101425977675	-7.751789174851223e-4	-0.031164013651583028	0.8797980186662238
asthma	ApoB	0.004737135686644691	0.022320022620237835	0.21223704685448985	0.8319221058100312	5.043432304392032e-4	-0.004305227514081516	0.8815890972016748
bursitis	SBP	0.010759105116346252	0.05265970155741269	0.20431382628737546	0.8381082660451564	7.784589524810877e-4	-0.010161716640838	0.8859407477301158
pri_prost	FG	0.012779931353228968	0.0676889330089524	0.18880385293617674	0.8502465519498025	0.0012880148789745011	-0.005350232409160104	0.8943334101990514
fibromatosis	SLEEP	0.005789988433920508	0.03041621585620182	0.19035860546537836	0.8490281325841759	8.296024258905446e-4	0.0034418550721030516	0.8952623378239082
pri_breast	SMK	0.0034633878331442915	0.02074553044658768	0.16694621726165432	0.8674123672919782	2.24341276263327e-4	0.003705250122900185	0.9034661820693953
IBS	FG	0.009960225782559114	0.05747960885025806	0.1732827689991213	0.8624291671528009	0.0015820321218230839	0.003788251752038921	0.9049133625790473
schizo	ApoB	-0.0031578212806963662	0.018573984708298442	-0.17001313020816272	0.8649998105664167	-5.585255420891228e-4	0.0026145230387226433	0.9053806371039153
pri_skin	ApoB	0.004873253288869231	0.029127796405503847	0.1673059376351726	0.8671293324324403	4.5363445075245534e-4	-0.005454190169882662	0.905385038275048
BPH	BMI	-0.004532198766309665	0.02885255301636706	-0.15708137729575283	0.8751807141384853	-5.202360967192758e-4	0.010388729398429691	0.9093341078609627
RA	ApoB	0.005221116298769023	0.03690897973457687	0.14145924206834157	0.8875071563210389	5.751722623584317e-4	-0.008771744848535521	0.919897928449544
scoliosis	SBP	-0.0071445282933590435	0.052157873806218065	-0.13697890216735215	0.8910474715342362	-9.301486767595018e-4	-0.008769022825101693	0.9213257836737491
essential_tremor	SMK	-0.005741001495388324	0.044550187856876054	-0.12886593236895263	0.8974637338835507	-8.954440323710757e-4	-0.003356808921174361	0.9257131976619676
pri_skin	SLEEP	0.002409829250954765	0.026172065215578952	0.09207638874139405	0.926637347801669	1.8718952440435912e-4	0.010777624533139301	0.94663671502041
AAA	SBP	0.006261814876279394	0.06658818922155281	0.09403792098092693	0.9250790336045304	0.0010072783484238576	0.007568934818617702	0.9473165103738701
fibromyalgia	ApoB	-0.004216704929151707	0.04402873895617387	-0.09577164890752397	0.9237019347249958	-5.477884948328438e-4	0.013756825681081445	0.9481856004646946
retinal_detach	SBP	0.003761349788463926	0.03835617602048244	0.09806373259042667	0.9218816858792565	5.971241266012012e-4	-0.004712963953912081	0.9486028941656118
CKD	ApoB	0.002709210512902083	0.03671061809225202	0.07379909829068983	0.9411702445303328	1.861557753671078e-4	-0.03512066763966453	0.9591830721768464
cholelithiasis	ApoB	-0.0021496934739455155	0.03581911159099469	-0.06001526499294783	0.9521434768989053	-1.940821172279063e-4	-0.002073788413406598	0.9680504084938751
sinusitis	FG	-0.004644833484017968	0.09309477582897266	-0.049893599749905815	0.9602071776128513	-2.860258188200602e-4	-2.2085926414706523e-4	0.9739244230073206
schizo	FG	0.0016310708899592873	0.03723060574948125	0.04380994767945762	0.9650558975973952	2.653022232105181e-4	-0.0014489943114916804	0.9742033468637211
depression	ApoB	-9.099481295791514e-4	0.019613663093111695	-0.04639358416932962	0.9629965500998239	-7.443891429404985e-5	-0.0067623252386481356	0.9744335637589667
hypothyroid	SBP	0.0010954217989530193	0.02913796713399677	0.037594311020926856	0.9700111438648256	1.284916611105893e-4	-0.011376367660830321	0.9768906555234412
spondylolisthesis	SBP	-0.0015660783484608277	0.04864185467578249	-0.03219610680759131	0.9743156608887265	-2.570357724447721e-4	-0.0019121464655467194	0.9789114894778242
hyperthyroid	ApoB	5.091113722279596e-4	0.04264784826741452	0.011937562923120574	0.9904754290677119	5.012203975212965e-5	-0.010935773983179138	0.9904754290677119
ulc_colitis	FG	-7.50726838997187e-4	0.05140167905923494	-0.014605103427303505	0.9883472277415207	-9.439445460124459e-5	0.0017336788382670502	0.9906727506303242
