rank_attenuation_burden	rank_persistent_connectivity	disease	n_edges	baseline_significant_edges	significantly_attenuated_edges	near_null_equivalent_edges	persistent_residual_edges	median_joint_attenuation	median_residual_abs_rg	mean_residual_abs_rg
1	15	carpal_tunnel	70	58	51	12	18	0.0838074200344892	0.09003842844542777	0.1368117677190991
2	43	sleep_apnoea	70	57	50	4	9	0.08613750712072252	0.17818964240264984	0.1738029811390237
3	39	asthma	70	59	50	7	11	0.07249113066506757	0.13371107335588034	0.1648513783296
4	32	COPD	70	60	49	7	12	0.11530830955899359	0.17219227545114357	0.1709265201554994
5	36	urine_incont	70	59	49	4	11	0.06802081341770054	0.19220323328429656	0.20844812958888775
6	42	OA	70	58	49	5	10	0.06082210724463413	0.16415849284526046	0.21229886154121155
7	11	cholelithiasis	70	48	48	7	19	0.07183015864616829	0.08302438948375832	0.09826656089713719
8	23	gout	70	45	47	14	16	0.08708940385565428	0.06052228158910476	0.07242700977522426
9	64	GORD	70	61	47	0	2	0.06474438726025923	0.27198958277852703	0.27452998008475826
10	41	RA	70	59	47	1	10	0.06350559999029132	0.20128713195923265	0.1850975752528622
11	56	intervert_disc	70	58	47	1	5	0.05919358533128635	0.19301368005481134	0.235639020679053
12	6	psoriasis	70	45	47	0	23	0.05862391791991407	0.1051981425681453	0.11512598818890823
13	33	IDA	70	48	45	8	12	0.09135189603331596	0.15359318855995158	0.15297634285601464
14	61	gastritis_duodenitis	70	57	45	1	3	0.05600951075858386	0.2562843318435002	0.2850733088432102
15	34	AF	70	46	45	11	12	0.03785924775349359	0.06507460757222541	0.09114884633577523
16	1	alc_problems	70	48	44	6	27	0.0738100213487161	0.10080602840351005	0.11953396672924001
17	38	enthesopathy_shoulder	70	60	44	2	11	0.05862972304049033	0.18669937900386704	0.2398830074423933
18	37	tendon	70	60	44	4	11	0.056086618875102856	0.1896634705580475	0.25144366277907015
19	16	cataract	70	48	44	3	18	0.04134079445225955	0.07791750923580879	0.0885743557518118
20	25	HF	70	53	43	7	15	0.09896974579869258	0.12739749090637975	0.15295147326298386
21	19	ulcer_peptic	70	53	43	3	17	0.09657187217033164	0.18350026917758144	0.21090315245475416
22	29	thromboembolic	70	50	43	3	13	0.05568059848049087	0.11637486921439616	0.11748173106291815
23	44	coronary_heart	70	55	42	2	9	0.07924678630700674	0.12176968648295915	0.14917714868624457
24	35	spondylosis	70	60	42	2	11	0.06561157358352165	0.26552239545824785	0.3039809136465872
25	24	enthesopathy_upper	70	59	42	5	15	0.05548567329284973	0.14793117363967842	0.22449527154694213
26	3	b12_def	70	40	41	3	24	0.08815092487133913	0.1158489908428349	0.13692535526175262
27	12	CKD	70	40	41	11	19	0.054386216119957836	0.056913357945226326	0.07457936239500407
28	54	diverticuli	70	59	41	2	6	0.032110422443969	0.16337002684052138	0.1602153006466821
29	7	ED	70	46	40	4	22	0.08379223444108105	0.13563387497346793	0.1610377303337298
30	31	fibromyalgia	70	55	40	3	12	0.05904522138059104	0.2458499873343764	0.2893258317845193
31	48	depression	70	62	40	1	8	0.03931470901142668	0.17868118421554394	0.20749835053736387
32	18	enthesopathy_lower	70	56	39	2	17	0.0590532407793227	0.2170801972203389	0.2611998965607216
33	26	hypothyroid	70	48	37	2	15	0.026425755498015444	0.10200913778878935	0.11575855706244326
34	17	AAA	70	35	36	4	18	0.055482054821829	0.07192595803766041	0.10816748014121254
35	20	valve_nonrheumatic	70	48	35	4	17	0.04123827789848505	0.10968376841386861	0.14898359957966706
36	14	spondylolisthesis	70	44	35	0	18	0.04034498225605758	0.13743512292775667	0.18089103372395088
37	57	pri_skin	70	11	35	3	5	0.01743899726128815	0.033849936990422415	0.04834509386678652
38	27	TIA	70	54	34	0	14	0.04733784056872245	0.20050931721955936	0.2285989600595892
39	28	stroke_all	70	51	33	0	13	0.048308631130885515	0.15701516145577638	0.19689312854005817
40	55	osteoporosis	70	38	33	1	6	0.03298549020646663	0.14796436942137017	0.15089860754647724
41	9	bursitis	70	44	31	2	21	0.05075756724725489	0.16437172821597884	0.21490013340679562
42	22	isch_stroke_tia	70	47	30	0	16	0.052981349135436936	0.18992515476094976	0.22485360353804945
43	69	pri_prost	70	5	30	0	2	0.022901327652304113	0.042582057080918376	0.05143803926476463
44	30	deaf	70	35	29	5	13	0.020848736560664133	0.06731483881298363	0.08149181484281527
45	4	diabetes_type_2	70	55	27	9	24	0.09280299306385456	0.10328541175472425	0.11075993572840656
46	53	hypertension	70	54	25	2	6	0.06257342097373542	0.1841839900588359	0.19416778418615566
47	8	periph_neuro	70	54	24	2	21	0.06422149529207449	0.2118544939880177	0.25394749763798224
48	2	peripheral_arterial	70	50	23	0	26	0.09182771363790401	0.2252236158744712	0.24020887050180895
49	65	anxiety	70	61	14	1	2	0.01998007242278378	0.21449099295400526	0.24030817194674015
50	51	urolithiasis	70	41	13	2	7	0.015196939464381802	0.10199751504679776	0.10330437309604437
51	58	schizo	70	29	13	1	4	0.0131632606249956	0.05820860605885034	0.08021566823460029
52	5	insomnia	70	49	12	0	23	0.03589083202139218	0.23024017849701045	0.2374547867811409
53	68	retinal_detach	70	6	9	1	2	0.019186512417964464	0.044063679859195876	0.060588005992638215
54	60	pri_bladder	70	1	8	0	4	0.019325836560323786	0.0431219429585727	0.0666148061338028
55	13	sinusitis	70	42	7	1	18	0.025851017922351147	0.17029557940085738	0.21288355305698026
56	49	female_genital_prolapse	70	54	6	2	8	0.012756219756272578	0.14723653195728015	0.1433947852444471
57	67	allergic_rhinitis	70	36	4	0	2	0.010430268987939889	0.13413064459974433	0.17299463796971457
58	70	fibromatosis	70	7	4	1	1	0.008559788199149918	0.03774654411601476	0.05268117435098504
59	52	migraine	70	58	4	0	6	0.008089461190021886	0.19668200638362224	0.20290057767281905
60	21	hyperthyroid	70	32	3	0	17	0.019584401368179773	0.09959982545417334	0.11525726470960267
61	71	glaucoma	70	7	3	2	1	0.009751656278076164	0.03498528595402128	0.04520610457324247
62	63	pri_breast	70	15	3	1	3	0.007327767747010766	0.038498097129057454	0.049996364700586764
63	66	tinnitus	70	30	2	0	2	0.020273614691464163	0.13991593977555772	0.16402710674347656
64	50	raynauds	70	17	2	1	7	0.014668117574081211	0.10602088139896543	0.12429534961155746
65	47	IBS	70	56	2	0	8	0.007296817870646639	0.22516570915839051	0.25674198826972966
66	40	scoliosis	70	25	1	0	11	0.009349245216379271	0.12122827656024707	0.1404581576321029
67	45	BPH	70	34	1	0	9	0.006581708052723588	0.11051247499216112	0.1097179731801665
68	62	ulc_colitis	70	21	1	0	3	0.005128025633586084	0.05291352653453575	0.0737681172488351
69	10	PMR	70	36	0	0	20	0.016148013111358328	0.16747683516372938	0.16985123880785935
70	46	essential_tremor	70	10	0	0	9	0.00999016883247797	0.06944455778350445	0.0818705391746917
71	59	pri_colorectal	70	8	0	0	4	0.006810909084313362	0.04795599788724918	0.05634337853436895
