outcome	n	full_SMK_beta	max_loo_delta	max_influential_SNP	pct_change_max
COPD	423	-1.9282321129920226	0.032087435094159567	rs1435741	1.664085712397443
HF	422	-0.8543314691101077	0.04302367508689442	rs1656377	5.035946426240031
OA	422	-0.6611099001514495	0.04944034823992227	rs1435741	7.478385700864001
alcohol_problems	423	-0.728472499874216	0.05623883928932283	rs7921378	7.7201046434880505
carpal_tunnel	423	-0.8646453663131991	0.08748637487337696	rs13021737	10.118180040264845
coronary_heart	422	-0.7314515446058367	0.03721638439154007	rs7921378	5.088017745809146
diabetes_type_2	422	-1.2792544199108977	0.0900544081771868	rs7921378	7.039601096977975
fibromyalgia	423	-1.1133365996357	0.0829383983770815	rs3001723	7.4495348849772975
gastritis_duodenitis	423	-0.8689461668158347	0.05489454104928382	rs7938812	6.317369607652371
gout	423	-0.613746267237746	0.06663079562751206	rs13021737	10.856407473953954
hypertension	423	-0.7698308042298916	0.07176723037637545	rs7921378	9.322467999727364
insomnia	423	-0.5271783069068069	0.12373786930669645	rs7938812	23.471730093129665
periph_neuro	423	-0.8906038746422408	0.07023043084907077	rs1435741	7.885709106900373
sleep_apnoea	423	-0.9512923071721858	0.05751028058367347	rs1435741	6.045489924608839
valve_nonrheumatic	423	-0.7997156562661426	0.06257718475094998	rs1435741	7.824929305888755
